<?xml version="1.0" encoding="UTF-8"?>
<feature
      id="net.sourceforge.sqlexplorer"
      label="Eclipse SQL Explorer"
      version="3.5.0.v20090419_RC8"
      provider-name="SQL Explorer Project (eclipsesql.sourceforge.net)"
      plugin="net.sourceforge.sqlexplorer">

   <description url="http://eclipsesql.sourceforge.net">
      SQL Explorer is a thin SQL client for querying and exploring
JDBC Compliant databases.
   </description>

   <copyright url="http://sourceforge.net/projects/eclipsesql">
      Copyright (C) 2006 SQL Explorer Development Team
This program is free software; you can redistribute it and/or
modify it under the terms of the GNU Lesser General Public
License as published by the Free Software Foundation; either
version 2.1 of the License, or (at your option) any later version.
This library is distributed in the hope that it will be useful,
but WITHOUT ANY WARRANTY; without even the implied warranty of
MERCHANTABILITY or FITNESS FOR A PARTICULAR PURPOSE.  See the
GNU Lesser General Public License for more details.
You should have received a copy of the GNU Lesser General Public
License along with this library; if not, write to the Free Software
Foundation, Inc., 59 Temple Place, Suite 330, Boston, MA  02111-1307
USA
   </copyright>

   <license>
      This program is free software; you can redistribute it and/or
modify it under the terms of the GNU Lesser General Public
License as published by the Free Software Foundation; either
version 2.1 of the License, or (at your option) any later version.
This library is distributed in the hope that it will be useful,
but WITHOUT ANY WARRANTY; without even the implied warranty of
MERCHANTABILITY or FITNESS FOR A PARTICULAR PURPOSE.  See the
GNU Lesser General Public License for more details.
You should have received a copy of the GNU Lesser General Public
License along with this library; if not, write to the Free Software
Foundation, Inc., 59 Temple Place, Suite 330, Boston, MA  02111-1307
USA
   </license>

   <url>
      <update label="SQL Explorer SourceForge Site" url="http://eclipsesql.sourceforge.net/"/>
   </url>

   <requires>
      <import plugin="org.eclipse.ui" version="3.2.0" match="greaterOrEqual"/>
      <import plugin="org.eclipse.core.runtime" version="3.2.0" match="greaterOrEqual"/>
      <import plugin="org.eclipse.core.resources" version="3.2.0" match="greaterOrEqual"/>
      <import plugin="org.eclipse.ui.ide" version="3.2.0" match="greaterOrEqual"/>
      <import plugin="org.eclipse.ui.workbench.texteditor" version="3.2.0" match="greaterOrEqual"/>
      <import plugin="org.eclipse.jface.text" version="3.2.0" match="greaterOrEqual"/>
      <import plugin="org.eclipse.ui.editors" version="3.2.0" match="greaterOrEqual"/>
   </requires>

   <plugin
         id="net.sourceforge.sqlexplorer"
         download-size="0"
         install-size="0"
         version="3.5.0.v20090419_RC8"/>

   <plugin
         id="net.sourceforge.sqlexplorer.db2"
         download-size="0"
         install-size="0"
         version="3.5.0.v20090419_RC8"
         fragment="true"
         unpack="false"/>

   <plugin
         id="net.sourceforge.sqlexplorer.oracle"
         download-size="0"
         install-size="0"
         version="3.5.0.v20090419_RC8"
         fragment="true"
         unpack="false"/>

   <plugin
         id="net.sourceforge.sqlexplorer.mysql"
         download-size="0"
         install-size="0"
         version="3.5.0.v20090419_RC8"
         fragment="true"
         unpack="false"/>

   <plugin
         id="net.sourceforge.sqlexplorer.postgresql"
         download-size="0"
         install-size="0"
         version="3.5.0.v20090419_RC8"
         fragment="true"
         unpack="false"/>

   <plugin
         id="net.sourceforge.sqlexplorer.help"
         download-size="0"
         install-size="0"
         version="3.5.0.v20090419_RC8"/>

   <plugin
         id="net.sourceforge.sqlexplorer.dbase"
         download-size="0"
         install-size="0"
         version="3.5.0.v20090419_RC8"
         fragment="true"
         unpack="false"/>

   <plugin
         id="net.sourceforge.sqlexplorer.mssql"
         download-size="0"
         install-size="0"
         version="3.5.0.v20090419_RC8"
         fragment="true"
         unpack="false"/>

   <plugin
         id="net.sourceforge.sqlexplorer.sybase"
         download-size="0"
         install-size="0"
         version="3.5.0.v20090419_RC8"
         fragment="true"
         unpack="false"/>

   <plugin
         id="net.sourceforge.sqlexplorer.derby"
         download-size="0"
         install-size="0"
         version="3.5.0.v20090419_RC8"
         fragment="true"
         unpack="false"/>

</feature>
