<?xml version="1.0" encoding="UTF-8"?>
<config date="1246017107343" transient="false" version="3.0">
<site enabled="true" policy="USER-EXCLUDE" updateable="true" url="platform:/base/">
<feature id="net.sourceforge.sqlexplorer.rcp" url="features/net.sourceforge.sqlexplorer.rcp_3.5.0.v20090419_RC8/" version="3.5.0.v20090419_RC8">
</feature>
<feature id="net.sourceforge.sqlexplorer" url="features/net.sourceforge.sqlexplorer_3.5.0.v20090419_RC8/" version="3.5.0.v20090419_RC8">
</feature>
<feature id="org.eclipse.rcp" url="features/org.eclipse.rcp_3.4.100.r341_v20080814-989JESIEdAciFYfkZZsBfSwQ2341/" version="3.4.100.r341_v20080814-989JESIEdAciFYfkZZsBfSwQ2341">
</feature>
</site>
</config>
